smoker,age,bmi
no,39.31711880261927,30.656501403180545
yes,38.65942028985507,30.672771739130432
